{"cameraMode":{"drawMode":0,"name":"Shaded","section":"Shading Mode"},"sceneLighting":true,"audioPlay":false,"sceneViewState":{"showFog":true,"showMaterialUpdate":false,"showSkybox":true,"showFlares":true,"showImageEffects":true,"showParticleSystems":true},"in2DMode":false,"pivot":{"x":1.590000033378601,"y":0.002250001532956958,"z":1.3930000066757203},"rotation":{"x":-0.465570867061615,"y":0.2706143260002136,"z":-0.15201373398303986,"w":-0.8288047313690186},"size":0.4169085621833801,"orthographic":false}